date,Battery (Charging) -  MW,Pumps -  MW,Exports -  MW,Imports -  MW,Coal (Black) -  MW,Bioenergy (Biomass) -  MW,Distillate -  MW,Gas (CCGT) -  MW,Gas (OCGT) -  MW,Gas (Waste Coal Mine) -  MW,Battery (Discharging) -  MW,Hydro -  MW,Wind -  MW,Solar (Utility) -  MW,Solar (Rooftop) -  MW,Temperature - C,Exports Emissions Vol - tCO₂e,Imports Emissions Vol - tCO₂e,Coal (Black) Emissions Vol - tCO₂e,Bioenergy (Biomass) Emissions Vol - tCO₂e,Distillate Emissions Vol - tCO₂e,Gas (CCGT) Emissions Vol - tCO₂e,Gas (OCGT) Emissions Vol - tCO₂e,Gas (Waste Coal Mine) Emissions Vol - tCO₂e,Emissions Intensity - kgCO₂e/MWh,Price - AUD/MWh
2025-07-16 10:30,-233.09,-491.64,-1105.88,0.00,3964.31,46.25,0.00,116.25,0.26,42.44,0.66,51.18,39.51,2340.25,2403.81,18.80,210.95,0.00,1169.61,0.41,0.00,23.75,0.05,8.70,414.63,-0.01
2025-07-16 11:00,-283.19,-490.51,-1113.30,0.00,3880.50,42.42,0.00,105.65,0.26,44.23,0.40,51.16,38.77,2263.22,3349.97,19.90,319.74,0.00,1719.31,0.58,0.00,32.37,0.08,13.63,366.61,-12.28
2025-07-16 11:30,-412.80,-490.09,-1052.35,0.00,3837.43,43.82,0.00,105.35,0.26,41.72,0.05,12.48,21.37,2244.33,3508.22,21.20,299.71,0.00,1739.93,0.59,0.00,42.62,0.08,13.17,380.84,-0.01
2025-07-16 12:00,-372.18,-488.98,-925.28,0.00,3817.55,45.58,0.00,103.28,0.26,32.67,0.70,18.74,8.20,2152.36,3589.29,21.82,240.05,0.00,1692.21,0.61,0.00,31.64,0.08,9.94,374.44,-12.28
2025-07-16 12:30,-357.75,-489.02,-914.72,0.00,3815.50,42.67,0.00,98.91,0.26,26.95,0.46,25.70,4.29,2020.77,3593.16,22.66,241.96,0.00,1691.04,0.55,0.00,30.30,0.08,8.11,378.31,-14.73
2025-07-16 13:00,-363.59,-487.14,-907.66,0.00,3820.83,43.20,0.00,92.73,0.26,28.58,0.51,23.46,2.66,1999.88,3521.34,23.09,241.73,0.00,1693.68,0.57,0.00,28.41,0.08,8.64,383.19,-14.51
2025-07-16 13:30,-234.66,-486.43,-906.06,0.00,3819.98,45.35,0.00,84.44,0.26,28.95,1.15,24.46,2.62,2038.94,3346.47,23.53,239.66,0.00,1692.94,0.60,0.00,25.87,0.08,8.75,383.38,-14.74
2025-07-16 14:00,-55.55,-486.41,-863.90,0.00,3876.60,47.15,0.00,79.31,0.26,29.02,4.38,23.35,9.55,1891.15,3095.70,23.67,234.58,0.00,1717.53,0.62,0.00,24.79,0.08,8.77,396.62,-16.43
2025-07-16 14:30,-12.98,-485.42,-907.39,0.00,3927.55,43.75,0.00,165.28,0.26,29.52,6.49,15.76,18.40,1981.30,2725.16,22.76,243.47,0.00,1739.54,0.58,0.00,41.88,0.08,8.93,412.25,-16.36
2025-07-16 15:00,-20.28,-444.23,-804.33,0.00,3920.65,45.70,0.00,388.42,0.26,34.47,5.11,47.58,28.22,2199.80,2292.49,22.13,207.72,0.00,1733.49,0.60,0.00,85.34,0.08,10.50,421.71,-12.28
2025-07-16 15:30,-23.35,-203.27,-805.58,0.00,4049.72,50.45,0.00,518.63,0.26,35.08,3.07,73.47,26.89,2138.66,1802.53,21.53,218.14,0.00,1795.37,0.65,0.00,115.57,0.08,10.71,444.59,0.00
2025-07-16 16:00,-7.58,0.00,-726.44,0.00,4525.32,59.67,0.00,534.47,0.26,34.62,11.96,96.31,28.80,1783.63,1247.15,20.69,219.37,0.00,2010.67,0.74,0.00,120.58,0.08,10.56,506.91,90.08
2025-07-16 16:30,-6.12,0.00,-617.04,0.00,5123.56,59.97,0.00,716.54,0.26,35.60,25.42,179.23,28.59,1215.03,714.77,19.96,204.60,0.00,2279.96,0.75,0.00,158.64,0.08,10.87,600.79,93.01
2025-07-16 17:00,-4.99,0.00,-645.45,0.00,5506.47,61.50,0.00,1009.05,184.25,36.08,86.95,441.78,72.39,483.32,299.55,19.24,224.01,0.00,2448.35,0.77,0.00,220.63,53.84,11.03,666.75,162.73
2025-07-16 17:30,0.00,0.00,-655.90,0.00,5687.71,60.98,0.00,1125.68,328.29,36.12,308.83,481.45,162.31,69.69,77.10,18.38,229.02,0.00,2528.09,0.75,0.00,247.33,96.29,11.04,691.07,152.31
2025-07-16 18:00,-0.01,0.00,-654.56,0.00,5785.03,59.83,21.83,1152.78,327.78,36.12,503.13,524.25,212.87,1.34,10.30,17.52,225.18,0.00,2573.23,0.75,11.46,254.39,96.13,11.04,682.10,265.62
2025-07-16 18:30,-0.11,0.00,-608.28,0.00,5708.88,56.73,56.50,1168.63,329.34,36.12,445.87,500.65,244.74,0.11,0.53,16.27,208.79,0.00,2539.31,0.71,29.66,258.72,96.59,11.04,686.99,249.95
2025-07-16 19:00,-0.19,0.00,-560.23,0.00,5746.33,62.55,65.00,1175.77,331.76,36.12,245.82,496.30,268.48,0.14,0.00,15.37,196.62,0.00,2557.31,0.79,34.12,261.00,97.29,11.04,702.84,288.80
2025-07-16 19:30,-0.22,0.00,-627.63,0.00,5684.22,62.93,59.33,1168.69,336.16,36.17,271.60,483.67,311.97,0.11,0.00,14.58,218.79,0.00,2530.37,0.81,31.14,260.20,98.59,11.05,696.90,232.55
2025-07-16 20:00,-0.04,0.00,-599.51,0.00,5627.42,60.93,65.33,1156.77,339.26,36.12,120.13,466.71,410.37,0.12,0.00,13.92,210.08,0.00,2504.28,0.78,34.29,257.96,99.50,11.04,702.21,200.10
2025-07-16 20:30,-1.04,0.00,-597.33,0.00,5667.77,53.90,17.67,1136.13,340.12,36.13,67.21,445.13,459.43,0.10,0.00,13.85,210.19,0.00,2521.65,0.72,9.27,253.37,99.75,11.04,704.40,166.04
2025-07-16 21:00,-0.91,0.00,-524.79,0.00,5597.62,51.32,0.00,1077.67,317.05,36.20,109.55,308.85,507.04,0.10,0.00,14.24,186.07,0.00,2487.43,0.68,0.00,240.02,92.92,11.06,707.53,149.88
2025-07-16 21:30,-1.09,0.00,-470.28,0.00,5625.75,55.58,0.00,1028.96,166.88,36.17,24.44,288.33,547.28,0.10,0.00,13.78,168.74,0.00,2500.05,0.72,0.00,229.51,48.48,11.05,717.89,154.96
2025-07-16 22:00,-1.52,0.00,-493.27,0.00,5620.04,55.33,0.00,952.66,17.78,36.17,7.12,295.87,581.19,0.10,0.00,13.33,177.81,0.00,2497.34,0.72,0.00,213.80,5.16,11.05,721.29,141.88
2025-07-16 22:30,-0.89,0.00,-485.51,0.00,5524.65,51.23,0.00,825.86,0.26,36.15,27.14,307.72,627.20,0.10,0.00,12.88,174.63,0.00,2462.65,0.68,0.00,188.05,0.08,11.05,719.67,152.70
2025-07-16 23:00,-1.38,0.00,-431.78,0.00,5420.43,55.83,0.00,674.96,0.26,36.17,4.55,197.62,670.93,0.10,0.00,12.77,158.15,0.00,2418.74,0.72,0.00,156.36,0.08,11.05,732.93,115.42
2025-07-16 23:30,-181.69,0.00,-332.89,0.00,5317.60,58.23,0.00,550.96,0.26,36.23,0.42,139.52,741.08,0.10,0.00,13.28,122.22,0.00,2372.23,0.75,0.00,129.21,0.08,11.07,755.51,101.83
2025-07-17 00:00,-214.05,0.00,-294.09,0.00,5314.73,57.55,0.00,369.10,0.26,40.45,0.57,137.09,781.17,0.10,0.00,13.30,108.56,0.00,2370.20,0.75,0.00,89.52,0.08,12.42,763.59,79.51
2025-07-17 00:30,-178.86,0.00,-361.09,0.00,5262.69,55.12,0.00,360.51,0.26,44.92,1.30,137.33,842.16,0.10,0.00,13.09,131.95,0.00,2346.71,0.73,0.00,87.52,0.08,13.84,751.71,76.79
2025-07-17 01:00,-233.60,0.00,-445.73,0.00,5314.54,52.40,0.00,356.88,0.26,43.77,0.11,136.78,837.57,0.10,0.00,12.67,163.02,0.00,2370.99,0.71,0.00,86.61,0.08,13.48,761.61,78.73
2025-07-17 01:30,-217.59,0.00,-322.26,0.00,5224.77,48.03,0.00,356.18,0.26,43.52,1.10,124.83,707.52,0.10,0.00,12.50,120.63,0.00,2328.35,0.66,0.00,86.36,0.08,13.40,773.73,76.56
2025-07-17 02:00,-67.25,0.00,-481.32,0.00,4981.81,34.43,0.00,355.18,0.26,42.65,1.68,122.28,887.44,0.10,0.00,12.32,173.67,0.00,2213.95,0.51,0.00,86.07,0.08,13.12,728.25,71.91
2025-07-17 02:30,-185.22,0.00,-425.96,0.00,4875.12,30.60,0.00,353.61,0.26,41.83,0.12,122.01,947.06,0.10,0.00,12.12,151.34,0.00,2161.46,0.46,0.00,85.68,0.08,12.86,732.42,72.19
2025-07-17 03:00,-214.80,0.00,-441.28,0.00,4836.56,31.67,0.00,354.17,0.26,40.67,0.07,122.05,1006.89,0.10,0.00,12.00,154.81,0.00,2142.51,0.48,0.00,85.77,0.08,12.49,727.47,75.63
2025-07-17 03:30,-181.32,0.00,-503.60,0.00,4812.33,32.02,0.00,354.76,0.26,41.08,1.02,122.28,1064.77,0.10,0.00,11.80,174.87,0.00,2131.81,0.48,0.00,85.88,0.08,12.62,715.92,75.45
2025-07-17 04:00,-148.59,0.00,-484.61,0.00,4817.09,32.35,0.00,289.69,0.26,40.32,0.20,122.60,1049.91,0.10,0.00,11.50,168.61,0.00,2133.87,0.49,0.00,65.90,0.08,12.38,714.81,74.69
2025-07-17 04:30,-118.94,0.00,-430.46,0.00,4888.60,33.10,0.00,255.77,0.26,40.90,0.14,122.33,1068.95,0.10,0.00,11.69,150.22,0.00,2167.03,0.50,0.00,55.61,0.08,12.56,711.71,79.86
2025-07-17 05:00,-10.84,0.00,-342.89,0.00,4863.71,33.98,0.00,297.55,0.26,40.12,2.45,122.29,1032.46,0.10,0.00,11.39,119.64,0.00,2156.11,0.51,0.00,64.70,0.08,12.31,700.12,75.45
2025-07-17 05:30,-3.69,0.00,-383.93,0.00,5063.53,32.45,0.00,399.55,0.26,41.37,2.26,122.58,1035.31,0.10,0.00,11.41,134.91,0.00,2252.08,0.49,0.00,86.88,0.08,12.71,702.82,75.95
2025-07-17 06:00,-2.65,0.00,-234.54,0.00,5149.70,33.17,0.00,442.46,0.26,40.58,11.49,122.97,1085.26,0.11,0.00,11.66,81.79,0.00,2291.79,0.49,0.00,96.21,0.08,12.46,697.64,78.35
2025-07-17 06:30,-0.13,0.00,-270.94,0.00,5490.07,32.38,0.00,482.32,0.26,40.37,186.35,140.96,1105.68,0.10,1.91,11.75,92.32,0.00,2441.79,0.48,0.00,104.88,0.08,12.39,684.48,97.73
2025-07-17 07:00,-2.56,0.00,-573.68,0.00,5589.41,31.33,0.00,482.43,0.26,40.97,427.87,315.24,1122.18,13.75,38.67,11.56,186.40,0.00,2487.74,0.46,0.00,104.90,0.08,12.58,646.38,152.84
2025-07-17 07:30,-0.69,0.00,-637.96,0.00,5389.45,31.03,0.00,477.86,0.26,41.42,380.17,440.64,1089.93,346.47,253.73,12.42,195.16,0.00,2397.26,0.45,0.00,103.91,0.08,12.73,593.74,102.64
2025-07-17 08:00,-3.61,0.00,-962.58,0.00,5126.43,31.07,0.00,451.07,0.26,42.45,75.42,383.26,1001.80,1029.10,650.33,13.58,282.22,0.00,2277.40,0.44,0.00,98.08,0.08,13.06,538.49,96.45
2025-07-17 08:30,-0.76,0.00,-1014.02,0.00,4606.19,32.42,0.00,389.55,0.26,42.85,9.61,80.58,851.85,1610.40,1124.26,14.65,284.20,0.00,2040.28,0.48,0.00,84.70,0.08,13.19,479.63,44.94
2025-07-17 09:00,-143.84,0.00,-1001.81,0.00,4026.31,32.90,0.00,261.96,0.26,42.77,9.66,55.08,637.70,2096.93,1635.57,15.98,259.54,0.00,1784.07,0.49,0.00,56.96,0.08,13.16,416.86,0.00
2025-07-17 09:30,-133.39,-19.45,-1046.63,0.00,3899.04,32.12,0.00,47.85,0.26,43.75,2.92,35.68,553.01,2214.70,2091.43,17.36,267.43,0.00,1726.27,0.47,0.00,10.40,0.08,13.47,384.20,-0.01
2025-07-17 10:00,-246.37,-265.45,-964.61,0.00,3876.26,33.08,0.00,0.22,0.26,43.64,9.49,50.88,556.35,2111.67,2539.28,18.51,240.39,0.00,1717.33,0.50,0.00,0.04,0.08,13.42,385.03,-10.40
2025-07-17 10:30,-135.89,-479.84,-899.33,0.00,3840.42,32.53,0.00,0.22,0.26,43.52,2.90,4.53,370.81,2117.08,2940.00,19.62,223.88,0.00,1702.28,0.48,0.00,0.04,0.08,13.30,380.82,0.00
2025-07-17 11:00,-126.66,-491.08,-960.50,0.00,3773.44,31.92,0.00,0.22,0.26,41.42,11.88,32.36,298.85,2149.10,3193.14,20.77,237.20,0.00,1674.38,0.47,0.00,0.04,0.08,12.67,364.69,34.75
2025-07-17 11:30,-161.49,-491.96,-861.21,0.00,3768.07,31.50,0.00,0.22,0.26,40.25,4.79,8.90,324.07,2026.39,3340.39,21.61,216.70,0.00,1672.13,0.46,0.00,0.04,0.08,12.34,365.71,0.00
2025-07-17 12:00,-242.20,-491.25,-715.38,0.00,3756.39,31.03,0.00,0.22,0.26,43.38,0.00,8.96,322.98,2092.19,3324.36,22.18,178.12,0.00,1666.87,0.45,0.00,0.04,0.08,13.30,369.61,11.83
2025-07-17 12:30,-227.33,-490.61,-752.23,0.00,3762.88,32.13,0.00,0.22,0.26,44.65,0.33,49.22,289.02,2056.40,3228.08,22.84,188.41,0.00,1674.48,0.49,0.00,5.76,0.08,13.46,376.79,34.75
2025-07-17 13:00,-210.05,-489.66,-795.81,0.00,3782.20,31.92,0.00,0.22,0.26,46.11,0.20,50.49,268.14,2078.33,3127.04,22.82,199.68,0.00,1678.91,0.47,0.00,0.04,0.08,14.18,378.74,17.93
2025-07-17 13:30,-143.97,-488.45,-825.72,0.00,3843.11,31.50,0.00,0.22,0.26,47.12,3.79,44.34,234.90,2104.84,3000.69,23.29,209.14,0.00,1707.07,0.46,0.00,0.04,0.08,14.50,385.35,0.00
2025-07-17 14:00,-77.92,-488.91,-801.68,0.00,3961.07,31.90,0.00,3.46,0.26,47.63,4.13,38.96,240.68,2043.45,2744.22,22.80,207.39,0.00,1759.53,0.47,0.00,0.75,0.08,14.66,404.81,0.00
2025-07-17 14:30,-54.15,-487.35,-796.69,0.00,4186.86,32.08,0.00,36.26,0.26,48.24,4.59,42.84,214.78,2007.04,2421.19,23.08,212.64,0.00,1861.27,0.47,0.00,8.22,0.08,14.86,436.85,49.38
2025-07-17 15:00,-21.53,-486.37,-819.58,0.00,4317.49,26.55,0.00,223.85,1.26,44.87,15.07,72.31,205.29,1977.24,2060.04,22.91,220.10,0.00,1917.74,0.39,0.00,47.64,0.46,13.79,462.13,34.75
2025-07-17 15:30,-29.39,-486.13,-780.88,0.00,4532.65,30.63,0.00,437.84,0.26,50.44,25.43,97.25,224.67,1724.25,1625.30,22.43,217.01,0.00,1984.92,0.44,0.00,83.92,0.08,15.40,501.25,0.00
2025-07-17 16:00,-32.05,-283.73,-805.28,0.00,5063.63,30.32,0.00,556.51,0.26,50.07,28.50,102.90,270.13,1358.18,1138.60,21.83,247.78,0.00,2242.80,0.43,0.00,117.36,0.08,15.44,569.22,99.85
2025-07-17 16:30,-34.23,0.00,-893.14,0.00,5607.71,31.40,0.00,708.22,0.26,49.62,14.20,151.17,324.11,978.72,650.38,21.04,301.46,0.00,2488.86,0.46,0.00,150.43,0.08,15.35,620.34,75.36
2025-07-17 17:00,-0.97,0.00,-931.81,0.00,5965.42,30.25,0.00,872.02,157.82,50.85,38.97,386.54,418.41,399.08,266.33,20.01,324.84,0.00,2654.19,0.43,0.00,184.78,46.03,15.72,673.29,146.86
2025-07-17 17:30,-0.07,0.00,-952.48,0.00,5893.51,27.42,0.00,998.36,434.54,50.10,148.02,545.57,524.23,55.32,68.93,19.04,326.08,0.00,2616.24,0.38,0.00,211.96,127.03,15.46,678.78,182.45
2025-07-17 18:00,0.00,0.00,-1048.56,0.00,5972.35,28.10,0.00,1045.37,486.88,49.08,357.72,580.74,642.45,1.75,9.74,17.84,347.02,0.00,2654.48,0.40,0.00,222.36,142.32,15.12,661.53,219.30
2025-07-17 18:30,-0.85,0.00,-1202.73,0.00,6015.81,39.70,0.00,1048.08,490.94,48.92,308.00,526.73,768.47,0.20,0.56,16.91,397.47,0.00,2617.11,0.53,0.00,212.45,131.52,15.14,641.31,162.73
2025-07-17 19:00,-0.01,0.00,-1319.36,0.00,5988.47,42.53,0.00,1048.17,492.13,48.95,377.93,366.53,845.14,0.20,0.00,16.35,436.04,0.00,2662.19,0.58,0.00,223.03,143.85,15.09,661.21,162.73
2025-07-17 19:30,-1.72,0.00,-1351.63,0.00,5944.85,41.27,0.00,1033.64,491.75,50.17,194.74,335.78,1039.00,0.20,0.00,15.92,447.23,0.00,2642.11,0.58,0.00,220.12,143.73,15.49,662.07,162.83
2025-07-17 20:00,-1.03,0.00,-1331.13,0.00,5920.44,41.00,0.00,966.35,492.91,52.18,142.82,313.27,1065.04,0.21,0.00,15.46,443.66,0.00,2630.79,0.58,0.00,206.66,144.08,16.06,666.80,128.45
2025-07-17 20:30,-0.78,0.00,-1338.94,0.00,5903.58,37.35,0.00,974.50,486.47,51.24,38.35,316.25,1073.37,0.23,0.00,15.13,450.77,0.00,2623.59,0.54,0.00,208.33,142.21,15.79,673.51,130.95
2025-07-17 21:00,-1.70,0.00,-1324.47,0.00,6046.10,41.12,0.00,1004.48,247.58,49.72,46.62,329.11,1043.52,0.29,0.00,14.89,450.24,0.00,2692.45,0.57,0.00,214.28,72.27,15.36,680.18,148.73
2025-07-17 21:30,-2.12,0.00,-1249.76,0.00,5993.52,45.27,0.00,940.02,128.82,51.82,8.59,309.74,1010.42,0.25,0.00,14.48,430.44,0.00,2671.29,0.61,0.00,203.50,46.49,15.86,692.95,115.15
2025-07-17 22:00,-8.42,0.00,-1112.75,0.00,5871.79,48.65,0.00,862.65,5.08,51.65,9.23,250.99,974.60,0.22,0.00,14.32,387.71,0.00,2612.33,0.65,0.00,184.28,1.47,15.91,698.03,114.84
2025-07-17 22:30,-4.32,0.00,-1004.62,0.00,5787.50,46.93,0.00,712.58,0.00,51.66,104.49,142.39,927.49,0.23,0.00,14.28,355.60,0.00,2581.92,0.63,0.00,153.61,0.00,15.91,708.56,154.74
2025-07-17 23:00,-2.93,0.00,-934.67,0.00,5648.50,48.18,0.00,562.06,0.00,51.71,13.55,142.04,858.16,0.22,0.00,14.13,339.03,0.00,2518.53,0.65,0.00,122.22,0.00,15.92,725.96,128.73
2025-07-17 23:30,-2.10,0.00,-903.45,0.00,5494.71,53.20,0.00,407.87,0.00,52.25,8.45,142.26,847.07,0.21,0.00,14.05,328.94,0.00,2445.82,0.69,0.00,88.69,0.00,16.08,728.58,101.83
2025-07-18 00:00,-8.22,0.00,-956.18,0.00,5465.49,51.27,0.00,261.63,0.00,52.30,1.55,138.93,953.94,0.21,0.00,14.32,345.93,0.00,2432.32,0.67,0.00,56.89,0.00,16.09,724.73,114.73
2025-07-18 00:30,-116.46,0.00,-731.18,0.00,5239.71,51.70,0.00,255.86,0.00,51.55,2.48,111.66,955.05,0.20,0.00,14.29,262.89,0.00,2353.61,0.67,0.00,67.55,2.90,15.88,748.28,90.00
2025-07-18 01:00,-139.39,0.00,-570.51,0.00,5227.58,40.37,0.00,255.36,0.00,51.24,0.07,111.93,856.13,0.20,0.00,14.02,208.47,0.00,2320.43,0.48,0.00,55.52,0.00,15.76,748.75,88.80
2025-07-18 01:30,-108.13,0.00,-567.84,0.00,5213.11,34.28,0.00,255.02,0.00,51.17,0.55,103.74,729.84,0.20,0.00,13.64,211.86,0.00,2314.03,0.38,0.00,55.45,0.00,15.74,761.12,83.45
2025-07-18 02:00,-68.70,0.00,-523.20,0.00,5199.76,35.48,0.00,257.36,0.00,51.43,1.02,99.22,562.96,0.20,0.00,13.33,200.39,0.00,2308.24,0.38,0.00,55.96,0.00,15.82,776.42,78.23
2025-07-18 02:30,-108.42,0.00,-459.56,0.00,5212.54,47.05,0.00,257.84,0.00,51.30,0.29,105.23,466.11,0.20,0.00,13.10,178.55,0.00,2313.73,0.57,0.00,56.06,0.00,15.78,792.31,84.79
2025-07-18 03:00,-138.12,0.00,-457.41,0.00,5192.03,51.92,0.00,258.58,0.00,51.39,1.13,101.20,429.89,0.20,0.00,12.81,178.63,0.00,2304.72,0.66,0.00,56.22,0.00,15.80,800.90,77.53
2025-07-18 03:30,-69.12,0.00,-461.84,0.00,5231.38,50.10,0.00,256.90,0.00,50.91,2.22,110.27,332.72,0.20,0.00,13.13,183.18,0.00,2322.06,0.64,0.00,55.86,0.00,15.67,803.47,96.45
2025-07-18 04:00,-22.62,0.00,-336.68,0.00,5199.98,53.10,0.00,256.49,0.00,51.37,2.46,100.06,297.60,0.20,0.00,13.37,133.55,0.00,2308.36,0.69,0.00,55.77,0.00,15.80,802.25,83.45
2025-07-18 04:30,-1.16,0.00,-316.18,0.00,5289.01,53.53,0.00,326.94,0.00,51.94,2.09,111.86,204.50,0.20,0.00,14.11,126.70,0.00,2348.62,0.71,0.00,71.09,0.00,15.96,807.20,96.45
2025-07-18 05:00,-0.76,0.00,-316.49,0.00,5454.28,52.43,0.00,397.56,0.00,52.12,17.84,117.05,125.44,0.20,0.00,14.04,127.70,0.00,2426.70,0.69,0.00,86.45,0.00,16.03,814.34,108.27
2025-07-18 05:30,-0.80,0.00,-279.83,0.00,5601.42,53.57,0.00,435.88,0.00,53.50,13.55,137.86,135.66,0.20,0.00,13.95,113.94,0.00,2482.63,0.70,0.00,91.50,0.00,16.40,805.49,119.92
2025-07-18 06:00,-0.54,0.00,-217.05,0.00,5699.35,53.50,0.00,456.33,0.00,52.72,61.94,183.59,113.25,0.20,0.00,14.25,87.53,0.00,2543.53,0.71,0.00,99.23,0.00,16.24,803.39,120.78
2025-07-18 06:30,-1.87,0.00,-340.96,0.00,5895.09,54.02,0.00,456.02,38.72,52.61,202.91,458.58,90.02,0.20,1.31,14.46,133.60,0.00,2628.70,0.71,0.00,99.16,11.47,16.21,759.46,157.53
2025-07-18 07:00,-0.15,0.00,-427.64,0.00,5940.69,55.82,0.00,460.34,169.47,52.26,361.77,489.00,102.30,6.77,24.71,14.44,164.72,0.00,2649.16,0.73,0.00,100.10,50.19,16.11,732.95,190.74
2025-07-18 07:30,-2.33,0.00,-392.58,0.00,5933.22,59.27,0.00,463.05,171.98,53.05,306.17,553.24,92.44,120.55,148.51,14.67,150.19,0.00,2646.52,0.77,0.00,100.69,50.93,16.35,710.06,276.87
2025-07-18 08:00,-0.47,0.00,-345.22,0.00,5919.35,58.47,0.00,464.43,171.67,55.93,54.43,473.23,78.38,370.00,338.01,14.88,133.14,0.00,2640.17,0.75,0.00,100.99,50.84,17.24,700.91,279.64
2025-07-18 08:30,-0.58,0.00,-352.23,0.00,5838.45,61.45,0.00,464.21,165.49,51.99,39.03,233.46,71.51,732.14,509.16,14.99,132.28,0.00,2592.08,0.76,0.00,100.44,44.76,16.28,671.10,255.61
2025-07-18 09:00,-3.59,0.00,-421.08,0.00,5782.36,62.68,0.00,458.45,20.25,48.19,1.80,112.50,97.95,1031.24,724.89,15.15,151.81,0.00,2575.85,0.79,0.00,99.69,6.00,14.77,643.10,162.83
2025-07-18 09:30,-11.48,-18.89,-503.39,0.00,5517.78,59.18,0.00,408.44,0.00,49.26,0.34,86.00,101.28,1247.38,1048.66,15.82,178.59,0.00,2455.16,0.74,0.00,88.81,0.00,15.13,596.46,114.83
2025-07-18 10:00,-9.53,-246.69,-589.14,0.00,5565.99,52.35,0.00,349.99,0.00,50.28,4.19,85.99,101.62,1365.81,1433.72,16.59,204.69,0.00,2478.30,0.66,0.00,76.10,0.00,15.50,579.54,114.84
2025-07-18 10:30,-10.95,-246.71,-527.89,0.00,5414.45,61.37,0.00,311.42,0.00,51.33,0.84,86.08,116.60,1139.48,1795.20,17.73,185.74,0.00,2409.42,0.75,0.00,67.71,0.00,15.82,563.52,110.53
2025-07-18 11:00,-63.16,-246.62,-413.09,0.00,5068.91,55.08,0.00,275.22,0.00,51.32,0.79,82.32,90.95,1194.52,2047.59,18.48,144.18,0.00,2248.09,0.67,0.00,59.84,0.00,15.82,535.43,88.59
2025-07-18 11:30,-188.60,-246.84,-533.27,0.00,5032.05,59.33,0.00,254.42,0.00,50.63,0.18,67.24,98.01,1387.42,2379.67,20.12,180.68,0.00,2263.46,0.72,0.00,59.07,4.25,15.46,517.28,83.78
2025-07-18 12:00,-329.71,-491.33,-511.27,0.00,5091.25,36.98,0.00,256.45,0.00,47.23,0.38,60.47,116.68,1440.25,2439.69,20.91,159.99,0.00,2260.66,0.52,0.00,55.76,0.00,14.51,532.41,83.45
2025-07-18 12:30,-242.34,-491.75,-502.57,0.00,4961.32,36.47,0.00,256.70,0.00,47.36,1.09,83.07,194.15,1392.20,2186.41,20.41,155.69,0.00,2198.45,0.53,0.00,55.82,0.00,14.53,533.60,61.92
2025-07-18 13:00,-222.01,-490.46,-474.55,0.00,4995.30,52.82,0.00,256.87,0.00,49.01,1.69,82.55,215.58,1333.88,2041.60,20.79,147.23,0.00,2214.79,0.69,0.00,55.85,0.00,15.04,545.54,62.52
2025-07-18 13:30,-154.86,-491.39,-492.04,0.00,5089.45,54.67,0.00,256.65,0.00,50.91,0.73,85.55,179.84,1460.76,1735.86,20.96,152.30,0.00,2258.91,0.71,0.00,55.80,0.00,15.64,560.37,64.80
2025-07-18 14:00,-263.37,-449.35,-526.68,0.00,5229.73,57.35,0.00,254.62,0.00,53.01,0.00,83.29,191.40,1501.39,1578.31,20.75,163.66,0.00,2326.78,0.74,0.00,55.36,0.00,16.36,579.94,64.80
2025-07-18 14:30,-252.10,-245.37,-742.24,0.00,5111.55,62.87,0.00,267.94,0.00,53.99,2.51,86.23,243.42,1879.90,1387.52,20.72,225.86,0.00,2271.93,0.77,0.00,58.53,0.00,16.71,540.23,61.73
2025-07-18 15:00,-330.22,-203.86,-831.57,0.00,5096.73,68.08,0.00,361.94,0.00,54.63,0.58,97.64,246.80,1914.40,1206.04,20.92,244.50,0.00,2257.43,0.83,0.00,76.94,0.00,16.64,548.70,54.76
2025-07-18 15:30,-243.17,0.00,-866.26,0.00,4834.46,68.30,0.00,540.16,0.00,52.95,2.85,104.21,260.05,1941.89,960.57,20.65,257.27,0.00,2144.88,0.84,0.00,114.32,0.00,16.30,527.45,52.18
2025-07-18 16:00,-49.04,0.00,-714.96,0.00,4914.44,66.25,0.00,551.32,0.00,50.67,2.84,109.47,366.52,1430.43,760.28,20.32,218.23,0.00,2176.62,0.82,0.00,116.85,0.00,15.57,558.65,55.00
2025-07-18 16:30,-20.30,0.00,-889.01,0.00,5612.57,63.70,0.00,770.35,0.00,50.52,13.91,189.47,367.72,1055.53,494.42,19.25,280.75,0.00,2491.18,0.80,0.00,163.65,0.00,15.58,620.18,74.00
2025-07-18 17:00,-11.94,0.00,-969.21,0.00,6072.96,67.45,0.00,975.92,185.54,52.83,119.06,431.52,251.23,462.83,204.40,18.38,315.20,0.00,2704.47,0.83,0.00,206.32,54.21,16.31,680.12,190.30
2025-07-18 17:30,-0.13,0.00,-933.46,0.00,6131.14,65.28,0.00,1033.92,333.53,50.90,330.11,554.97,246.91,84.52,56.09,17.53,320.17,0.00,2730.52,0.81,0.00,220.22,97.82,15.67,690.21,160.01
2025-07-18 18:00,0.00,0.00,-1154.97,0.00,6151.35,65.50,0.00,1096.71,339.33,50.59,532.94,638.33,250.36,2.29,8.70,15.32,401.20,0.00,2703.03,0.82,0.00,220.45,91.39,15.67,659.10,219.30
2025-07-18 18:30,0.00,0.00,-1140.40,0.00,6125.24,64.28,0.00,1084.81,446.10,50.38,318.93,566.74,304.04,0.15,0.52,14.51,399.01,0.00,2728.02,0.81,0.00,232.94,131.15,15.47,692.87,167.27
2025-07-18 19:00,-0.65,0.00,-1134.30,0.00,6090.22,67.77,0.00,1086.87,510.38,50.83,212.36,370.38,441.07,0.10,0.00,14.66,402.97,0.00,2712.64,0.83,0.00,234.77,150.19,15.61,704.63,144.67
2025-07-18 19:30,-4.82,0.00,-1045.59,0.00,6020.83,60.20,0.00,1088.80,387.91,48.46,86.86,305.94,475.27,0.10,0.00,14.73,378.23,0.00,2679.77,0.77,0.00,237.32,113.92,14.91,718.88,128.45
2025-07-18 20:00,-6.67,0.00,-922.53,0.00,5922.57,60.58,0.00,1061.11,194.20,50.18,25.24,279.57,510.30,0.10,0.00,14.28,337.26,0.00,2634.84,0.78,0.00,233.70,56.67,15.45,725.94,114.84
2025-07-18 20:30,-1.10,0.00,-847.86,0.00,5886.12,58.75,0.00,1037.76,154.60,49.66,45.41,142.58,481.65,0.10,0.00,14.01,317.37,0.00,2616.19,0.73,0.00,229.08,44.88,15.29,738.85,115.15
2025-07-18 21:00,-5.64,0.00,-633.99,0.00,5804.12,54.13,0.00,1034.91,132.60,48.47,80.71,142.89,529.36,0.10,0.00,14.48,233.43,0.00,2589.91,0.68,0.00,230.04,43.23,15.06,736.12,128.71
2025-07-18 21:30,-2.17,0.00,-456.12,0.00,5722.68,61.02,0.00,973.46,4.19,48.66,45.51,142.62,509.45,0.10,0.00,14.58,167.94,0.00,2538.51,0.77,0.00,217.21,1.22,14.99,739.00,101.83
2025-07-18 22:00,-12.03,0.00,-443.42,0.00,5659.00,64.03,0.00,860.59,0.00,48.10,3.04,140.42,517.75,0.10,0.00,14.36,165.27,0.00,2509.01,0.82,0.00,194.18,0.00,14.86,746.93,101.83
2025-07-18 22:30,-3.02,0.00,-349.48,0.00,5514.07,66.92,0.00,695.33,0.00,49.37,41.44,142.64,465.54,0.10,0.00,14.36,131.60,0.00,2450.75,0.85,0.00,161.19,0.00,15.22,753.87,120.07
2025-07-18 23:00,-2.77,0.00,-345.96,0.00,5502.00,59.20,0.00,604.56,0.00,45.60,2.76,138.14,430.83,0.10,0.00,14.13,132.84,0.00,2446.77,0.77,0.00,143.37,0.00,14.01,768.39,128.45
2025-07-18 23:30,-6.61,0.00,-275.16,0.00,5355.91,66.50,0.00,435.45,0.00,44.87,1.33,112.68,433.04,0.10,0.00,13.95,106.59,0.00,2377.20,0.84,0.00,107.05,0.00,13.74,775.68,108.75
2025-07-19 00:00,-14.55,0.00,-110.38,54.16,5248.75,67.30,0.00,217.14,0.00,45.72,0.13,111.35,470.45,0.10,0.00,14.06,42.95,22.78,2347.23,0.82,0.00,74.16,3.42,14.02,794.55,87.43
2025-07-19 00:30,-8.41,0.00,0.00,145.46,5109.11,65.70,0.00,146.78,0.00,46.54,3.66,111.80,458.45,0.10,0.00,13.98,0.00,61.33,2262.30,0.81,0.00,44.98,0.00,14.26,784.21,89.82
2025-07-19 01:00,-9.28,0.00,0.00,101.53,5042.71,68.95,0.00,149.82,0.00,44.03,1.50,111.42,460.30,0.10,0.00,13.63,0.00,42.88,2231.14,0.85,0.00,45.91,0.00,13.55,781.88,88.49
2025-07-19 01:30,-5.89,0.00,0.00,69.91,4988.57,59.82,0.00,152.42,0.00,44.44,1.32,100.88,440.25,0.10,0.00,13.15,0.00,29.65,2207.89,0.76,0.00,46.71,0.00,13.59,785.60,84.25
2025-07-19 02:00,-2.73,0.00,0.00,47.71,4982.80,63.25,0.00,154.56,0.00,46.09,1.65,99.19,416.13,0.10,0.00,12.76,0.00,20.54,2205.63,0.80,0.00,47.37,0.00,14.11,787.93,78.24
2025-07-19 02:30,-1.68,0.00,0.00,46.86,4939.11,67.47,0.00,156.37,0.00,44.58,1.70,97.21,378.33,0.10,0.00,12.58,0.00,20.16,2186.56,0.85,0.00,47.92,0.00,13.63,792.01,77.65
2025-07-19 03:00,-1.09,0.00,0.00,53.77,4917.59,66.13,0.00,157.80,0.00,44.89,1.74,97.13,357.06,0.10,0.00,12.15,0.00,22.95,2177.01,0.84,0.00,48.36,0.00,13.73,794.68,77.53
2025-07-19 03:30,-5.69,0.00,-0.19,27.20,4930.87,58.07,0.00,159.00,0.00,45.47,5.10,96.88,328.17,0.10,0.00,11.76,0.08,11.49,2182.92,0.77,0.00,48.73,0.00,13.91,799.91,77.53
2025-07-19 04:00,-4.99,0.00,-0.10,15.52,4954.84,49.55,0.00,159.99,0.00,43.65,0.68,96.79,326.40,0.10,0.00,11.63,0.04,6.53,2193.56,0.68,0.00,49.03,0.00,13.34,802.17,77.97
2025-07-19 04:30,-3.15,0.00,-0.20,14.61,4984.66,47.95,0.00,160.88,0.00,46.00,0.36,96.99,340.24,0.10,0.00,11.72,0.08,6.13,2206.70,0.66,0.00,49.30,0.00,14.07,800.49,78.07
2025-07-19 05:00,-3.24,0.00,0.00,21.66,5015.31,46.28,0.00,161.65,0.00,44.43,0.77,96.83,345.18,0.10,0.00,11.36,0.00,9.03,2220.73,0.65,0.00,49.54,0.00,13.58,800.68,78.07
2025-07-19 05:30,-0.92,0.00,-15.23,4.67,5178.86,32.98,0.00,162.02,0.00,43.86,8.90,97.36,373.92,0.10,0.00,11.05,6.09,1.94,2302.05,0.53,0.00,50.05,0.00,13.46,802.49,77.83
2025-07-19 06:00,-1.75,0.00,-5.66,11.58,5228.10,32.67,0.00,162.37,0.00,45.47,13.15,118.89,361.32,0.10,0.00,11.03,2.27,4.82,2323.02,0.50,0.00,49.76,0.00,13.92,801.09,78.73
2025-07-19 06:30,-1.51,0.00,-0.45,38.72,5382.45,32.75,0.00,162.55,0.00,45.51,20.06,125.50,370.52,0.10,2.56,11.34,0.18,15.84,2390.07,0.50,0.00,49.82,0.00,13.93,799.51,82.62
2025-07-19 07:00,-2.00,0.00,-3.03,28.74,5530.81,44.05,0.00,159.51,0.00,45.42,91.97,141.81,318.29,21.39,48.18,11.53,1.19,11.62,2457.50,0.62,0.00,48.88,0.00,13.88,787.94,123.57
2025-07-19 07:30,-7.80,0.00,-181.20,0.00,5573.25,49.15,0.00,155.42,0.00,45.78,43.30,244.42,323.61,343.18,296.33,12.10,67.18,0.00,2478.34,0.66,0.00,47.63,0.00,14.02,718.46,133.50
2025-07-19 08:00,-4.56,0.00,-398.42,0.00,5263.32,50.25,0.00,152.27,0.00,46.07,1.40,166.31,318.91,962.65,745.37,13.21,136.98,0.00,2336.68,0.68,0.00,46.66,0.00,14.10,619.19,77.88
2025-07-19 08:30,-12.59,-129.55,-587.20,0.00,4763.93,47.80,0.00,149.55,0.00,45.82,1.55,76.22,248.48,1556.96,1299.47,14.48,180.69,0.00,2130.18,0.65,0.00,46.16,0.00,13.98,538.92,65.51
2025-07-19 09:00,-17.48,-245.01,-933.09,0.00,4587.09,46.58,0.00,147.06,0.00,42.95,1.57,4.45,157.66,1830.15,1867.82,15.63,275.05,0.00,2024.33,0.64,0.00,45.07,0.00,13.10,482.82,75.63
2025-07-19 09:30,-80.82,-327.99,-966.21,0.00,4282.86,53.82,0.00,144.78,0.00,43.25,0.04,4.29,128.25,1952.19,2390.80,16.16,271.70,0.00,1888.16,0.69,0.00,44.37,0.00,13.20,439.26,55.64
2025-07-19 10:00,-134.09,-490.56,-852.40,0.00,3963.78,43.92,0.00,138.94,0.00,41.79,2.92,4.62,122.86,1928.86,2831.08,16.49,228.22,0.00,1748.61,0.51,0.00,42.58,0.00,12.74,414.70,-14.23
2025-07-19 10:30,-240.40,-490.76,-870.13,0.00,3813.46,38.00,0.00,130.89,0.00,43.31,0.70,4.51,117.88,1923.39,3208.90,16.99,230.36,0.00,1684.27,0.40,0.00,40.11,0.00,13.22,392.63,-14.99
2025-07-19 11:00,-359.29,-491.70,-899.65,0.00,3725.11,42.20,0.00,125.01,0.00,41.63,0.00,4.49,110.51,2038.65,3477.88,17.81,232.14,0.00,1646.64,0.49,0.00,38.30,0.00,12.69,375.18,-14.61
2025-07-19 11:30,-334.86,-490.50,-1025.69,0.00,3719.99,47.18,0.00,119.65,0.00,41.12,0.00,4.41,106.68,2052.69,3638.61,18.55,263.78,0.00,1678.10,0.57,0.00,37.44,0.00,12.66,371.86,-14.61
2025-07-19 12:00,-398.35,-490.01,-1252.50,0.00,3722.47,49.30,0.00,115.44,0.00,41.24,0.00,19.96,127.37,2016.03,3695.47,19.29,322.33,0.00,1645.66,0.59,0.00,35.37,0.00,12.55,358.82,-14.61
2025-07-19 12:30,-429.84,-490.09,-1192.25,0.00,3716.78,47.37,0.00,112.56,0.00,41.31,0.00,35.17,151.44,1808.01,3599.75,19.71,314.77,0.00,1643.21,0.58,0.00,34.49,0.00,12.57,371.90,-14.99
2025-07-19 13:00,-340.97,-488.70,-1134.68,0.00,3734.83,45.15,0.00,111.23,0.00,41.50,0.03,35.56,145.57,1584.24,3483.98,20.29,311.40,0.00,1651.00,0.56,0.00,34.08,0.00,12.64,384.30,-19.19
2025-07-19 13:30,-146.56,-487.70,-1225.78,0.00,3733.99,44.83,0.00,110.78,0.00,41.88,2.38,35.73,178.33,1669.23,3302.21,20.56,329.97,0.00,1650.58,0.56,0.00,33.94,0.00,12.77,376.86,-18.66
2025-07-19 14:00,-79.67,-487.57,-1160.47,0.00,3740.42,45.43,0.00,110.61,0.00,42.31,2.38,35.63,192.88,1637.44,3050.22,21.27,313.51,0.00,1653.47,0.56,0.00,33.89,0.00,12.90,389.17,-17.90
2025-07-19 14:30,-33.44,-487.16,-1225.93,0.00,3734.63,46.62,0.00,114.69,0.00,42.58,3.22,36.33,204.45,1901.77,2710.81,21.53,316.93,0.00,1650.94,0.57,0.00,34.81,0.00,12.98,392.24,-15.01
2025-07-19 15:00,-11.53,-487.01,-1116.25,0.00,3733.06,47.50,0.00,143.83,0.00,41.40,1.51,60.15,230.05,2199.00,2286.93,21.27,273.99,0.00,1650.54,0.58,0.00,40.96,0.00,12.56,401.38,-11.53
2025-07-19 15:30,-6.56,-485.74,-1010.25,0.00,3910.57,47.73,0.00,243.57,0.00,39.52,3.93,98.57,234.28,2080.55,1803.46,21.26,254.49,0.00,1726.43,0.58,0.00,62.76,0.00,12.02,444.65,0.00
2025-07-19 16:00,-24.69,-242.84,-999.83,0.00,4438.00,49.95,0.00,326.25,0.00,40.83,1.73,111.49,211.84,1754.99,1270.63,21.01,286.11,0.00,1957.14,0.62,0.00,80.72,0.00,12.46,508.72,75.63
2025-07-19 16:30,-7.46,0.00,-1046.08,0.00,5204.76,58.88,0.00,404.33,0.00,42.03,15.67,205.24,232.42,1175.74,738.74,20.47,343.83,0.00,2301.30,0.75,0.00,98.12,0.00,12.81,589.14,85.73
2025-07-19 17:00,-0.84,0.00,-956.68,0.00,5619.91,69.80,0.00,496.49,0.00,42.95,72.06,586.91,240.34,468.78,305.15,19.27,330.47,0.00,2495.42,0.90,0.00,118.78,0.00,13.12,661.71,110.82
2025-07-19 17:30,-0.05,0.00,-747.80,0.00,5695.99,69.83,0.00,544.82,0.00,42.04,287.17,629.25,253.44,59.76,72.37,18.40,263.78,0.00,2531.26,0.91,0.00,129.84,0.00,12.81,698.16,148.04
2025-07-19 18:00,-0.10,0.00,-335.85,0.00,5725.52,71.20,0.00,589.45,0.00,39.90,431.62,628.31,239.13,1.80,8.63,17.91,117.19,0.00,2470.21,0.91,0.00,131.71,0.00,12.22,675.13,143.33
2025-07-19 18:30,-0.38,0.00,-234.72,0.00,5714.96,72.55,0.00,598.11,0.00,38.90,480.07,616.12,250.80,0.10,0.41,17.23,81.32,0.00,2539.51,0.94,0.00,142.36,0.00,11.83,693.47,135.64
2025-07-19 19:00,-0.47,0.00,-280.91,0.00,5736.44,69.33,0.00,602.24,0.00,39.20,407.59,613.36,282.43,0.10,0.00,16.32,98.01,0.00,2548.74,0.91,0.00,143.65,0.00,11.92,698.11,162.73
2025-07-19 19:30,-0.60,0.00,-292.46,0.00,5730.27,59.32,0.00,608.76,0.00,39.88,281.80,628.36,329.37,0.13,0.00,15.73,102.88,0.00,2546.17,0.81,0.00,145.42,0.00,12.11,704.59,157.63
2025-07-19 20:00,-2.29,0.00,-272.86,0.00,5750.86,58.28,0.00,611.07,0.00,39.57,168.01,628.37,348.30,0.18,0.00,15.14,97.35,0.00,2554.86,0.80,0.00,146.20,0.00,12.02,713.97,162.73
2025-07-19 20:30,-2.29,0.00,-271.61,0.00,5712.93,53.50,0.00,619.11,0.00,38.29,62.27,625.10,393.51,0.12,0.00,14.47,97.67,0.00,2538.34,0.76,0.00,148.20,0.00,11.65,719.49,159.95
2025-07-19 21:00,-1.85,0.00,-281.94,0.00,5821.39,54.77,0.00,624.82,0.00,41.41,25.29,477.62,421.58,0.21,0.00,14.02,103.70,0.00,2582.00,0.77,0.00,148.72,0.00,12.63,735.16,133.50
2025-07-19 21:30,-0.41,0.00,-304.52,0.00,5865.03,56.77,0.00,627.79,0.00,46.61,7.60,385.80,396.43,0.25,0.00,14.30,114.21,0.00,2606.68,0.78,0.00,150.46,0.00,14.27,750.70,133.00
2025-07-19 22:00,-1.57,0.00,-364.58,0.00,5863.80,57.42,0.00,626.03,0.00,42.75,10.61,331.00,386.19,0.34,0.00,14.19,137.95,0.00,2606.22,0.79,0.00,150.23,0.00,13.03,757.28,149.43
2025-07-19 22:30,-2.29,0.00,-209.23,0.00,5601.28,57.27,0.00,572.87,0.00,40.73,4.38,237.32,349.20,0.21,0.00,13.74,80.35,0.00,2491.92,0.79,0.00,138.80,0.00,12.42,770.80,157.71
2025-07-19 23:00,-7.51,0.00,-172.12,0.00,5524.60,53.40,0.00,501.29,0.00,41.12,6.19,162.14,327.06,0.21,0.00,13.26,67.46,0.00,2457.72,0.75,0.00,123.34,0.00,12.52,785.18,122.46
2025-07-19 23:30,-1.37,0.00,-147.22,0.00,5552.97,56.52,0.00,299.48,0.00,40.89,12.51,142.18,316.17,0.33,0.00,12.96,58.78,0.00,2470.92,0.77,0.00,79.52,0.00,12.45,798.70,127.90
2025-07-20 00:00,-3.51,0.00,-68.46,22.20,5507.77,38.62,0.00,165.83,0.00,41.79,2.67,140.79,309.38,0.49,0.00,12.94,27.71,8.75,2465.07,0.48,0.00,58.81,0.00,12.70,817.89,124.25
2025-07-20 00:30,-13.72,0.00,0.00,112.42,5230.18,31.27,0.00,162.65,0.00,41.73,1.29,135.47,332.28,0.30,0.00,12.58,0.00,44.50,2319.55,0.32,0.00,49.84,0.00,12.70,804.43,89.77
2025-07-20 01:00,-20.48,0.00,0.00,87.62,5118.52,37.47,0.00,163.21,0.00,41.61,0.81,130.46,325.62,0.31,0.00,12.39,0.00,34.39,2265.16,0.39,0.00,50.02,0.00,12.67,802.91,87.78
2025-07-20 01:30,-10.27,0.00,0.00,63.03,5064.46,39.70,0.00,163.87,0.00,41.70,3.41,120.97,307.64,0.32,0.00,12.16,0.00,25.09,2238.13,0.41,0.00,50.22,0.00,12.70,802.97,78.85
2025-07-20 02:00,-19.70,0.00,0.00,70.26,5017.10,38.98,0.00,164.21,0.00,39.83,2.60,97.11,316.24,0.27,0.00,12.16,0.00,28.15,2214.46,0.40,0.00,50.32,0.00,12.16,805.15,83.03
2025-07-20 02:30,-45.51,0.00,0.00,42.42,5036.78,39.67,0.00,164.89,0.00,39.53,6.99,100.84,311.67,0.15,0.00,11.92,0.00,17.16,2223.11,0.41,0.00,50.53,0.00,12.08,808.53,88.31
2025-07-20 03:00,-15.54,0.00,-13.33,14.83,5053.49,36.63,0.00,165.06,0.00,40.30,19.86,97.28,297.15,0.14,0.00,11.63,5.32,6.04,2230.03,0.38,0.00,50.59,0.00,12.33,805.51,83.45
2025-07-20 03:30,-20.73,0.00,-36.65,0.00,5085.07,42.55,0.00,165.25,0.00,40.03,12.06,109.65,272.45,0.14,0.00,11.36,14.74,0.00,2244.09,0.43,0.00,50.64,0.00,12.23,808.72,88.31
2025-07-20 04:00,-31.47,0.00,-51.83,0.90,5105.13,38.13,0.00,165.33,0.00,40.72,25.01,106.14,255.13,0.14,0.00,11.37,20.92,0.37,2255.81,0.38,0.00,50.67,0.00,12.42,813.23,88.31
2025-07-20 04:30,-1.89,0.00,-128.08,0.00,5272.11,35.58,0.00,165.38,0.00,42.29,14.99,112.05,251.99,0.14,0.00,11.21,52.04,0.00,2339.88,0.36,0.00,50.68,0.00,12.89,815.94,98.10
2025-07-20 05:00,-8.19,0.00,-133.42,0.00,5387.65,39.95,0.00,165.38,0.00,41.57,4.41,112.69,284.58,0.14,0.00,10.95,54.12,0.00,2398.32,0.40,0.00,50.68,0.00,12.66,816.98,95.81
2025-07-20 05:30,-19.58,0.00,-179.07,0.00,5381.42,47.12,0.00,165.38,0.00,42.19,13.39,114.76,345.90,0.14,0.00,10.89,72.09,0.00,2395.48,0.47,0.00,50.68,0.00,12.85,807.69,95.24
2025-07-20 06:00,-10.43,0.00,-230.04,0.00,5445.50,52.40,0.00,165.38,0.00,41.79,11.96,136.73,353.95,0.14,0.00,10.82,92.13,0.00,2423.57,0.53,0.00,50.68,0.00,12.74,802.83,102.70
2025-07-20 06:30,-4.03,0.00,-249.67,0.00,5729.59,55.38,0.00,165.38,0.00,42.16,4.99,142.57,354.63,0.35,2.80,10.80,100.38,0.00,2548.18,0.56,0.00,50.68,0.00,12.84,804.55,116.05
2025-07-20 07:00,-3.77,0.00,-276.28,0.00,5797.67,53.47,0.00,165.50,0.00,42.48,6.68,148.57,392.67,25.65,50.30,10.88,110.00,0.00,2578.42,0.54,0.00,50.72,0.00,12.93,791.08,122.31
2025-07-20 07:30,-4.01,0.00,-498.52,0.00,5746.98,50.33,0.00,166.10,0.00,41.74,0.16,150.67,436.70,444.92,294.29,11.78,184.75,0.00,2555.81,0.51,0.00,50.90,0.00,12.72,713.15,128.45
2025-07-20 08:00,-11.43,0.00,-598.82,0.00,4977.85,47.25,0.00,163.22,0.00,40.87,0.48,97.52,405.62,1269.09,720.94,13.43,193.86,0.00,2209.47,0.47,0.00,50.02,0.00,12.44,584.47,67.03
2025-07-20 08:30,-24.35,-19.15,-750.82,0.00,4310.74,44.03,0.00,153.61,0.00,37.54,1.56,61.21,295.20,1812.14,1245.95,15.05,218.50,0.00,1908.60,0.44,0.00,47.07,0.00,11.40,488.03,34.75
2025-07-20 09:00,-14.12,-265.94,-966.38,0.00,3974.89,48.22,0.00,144.94,0.00,35.36,4.12,39.34,149.65,2037.37,1789.44,16.42,260.88,0.00,1753.51,0.48,0.00,44.42,0.00,10.71,443.82,21.36
2025-07-20 09:30,-149.45,-482.74,-994.05,0.00,3851.40,45.65,0.00,137.73,0.00,34.44,0.66,30.65,80.39,2253.22,2280.41,17.17,251.80,0.00,1699.48,0.46,0.00,42.20,0.00,10.45,423.46,-10.40
2025-07-20 10:00,-408.30,-491.09,-1009.03,0.00,3811.34,39.35,0.00,131.88,0.00,34.17,0.19,35.04,35.53,2318.55,2685.37,17.97,253.66,0.00,1683.01,0.40,0.00,40.41,0.00,10.32,412.21,-0.01
2025-07-20 10:30,-369.99,-491.65,-1013.22,0.00,3806.33,35.93,0.00,126.97,0.00,32.76,0.00,9.90,15.67,2167.68,2969.54,19.04,261.98,0.00,1680.73,0.36,0.00,38.91,0.00,9.86,402.71,-14.33
2025-07-20 11:00,-298.67,-490.93,-1040.58,0.00,3801.25,36.03,0.00,122.75,0.00,35.40,0.00,4.55,11.50,1923.12,3206.58,19.68,279.64,0.00,1678.56,0.36,0.00,37.61,0.00,10.69,396.00,-14.33
2025-07-20 11:30,-353.39,-491.22,-1098.35,0.00,3801.44,36.57,0.00,119.32,0.00,35.27,0.00,4.61,13.40,1978.27,3360.00,20.40,292.39,0.00,1678.62,0.37,0.00,36.56,0.00,10.68,387.21,-14.73
2025-07-20 12:00,-319.04,-490.34,-1174.17,0.00,3800.64,32.63,0.00,116.42,0.00,35.23,0.00,4.55,12.01,1929.25,3321.16,20.95,315.30,0.00,1678.32,0.33,0.00,35.67,0.00,10.66,387.90,-10.00
2025-07-20 12:30,-213.79,-489.38,-1205.78,0.00,3813.03,35.00,0.00,114.17,0.00,37.36,0.67,4.65,13.78,1873.81,3270.00,22.04,326.77,0.00,1683.71,0.35,0.00,34.98,0.00,11.33,387.01,-14.99
2025-07-20 13:00,-199.02,-489.16,-1189.34,0.00,3801.34,34.12,0.00,112.32,0.00,36.62,0.00,4.50,24.88,1934.01,3094.65,22.04,318.46,0.00,1678.57,0.34,0.00,34.41,0.00,11.13,392.47,-14.73
2025-07-20 13:30,-111.16,-489.13,-1226.03,0.00,3805.62,37.18,0.00,110.67,0.00,34.98,1.56,4.56,33.45,2123.13,2821.60,21.98,318.38,0.00,1680.45,0.37,0.00,33.91,0.00,10.61,393.75,-14.33
2025-07-20 14:00,-89.00,-488.03,-1173.29,0.00,3803.77,34.85,0.00,109.30,0.00,34.99,0.20,60.45,48.09,2165.93,2513.16,22.53,299.81,0.00,1679.73,0.35,0.00,33.49,0.00,10.61,405.78,4.44
2025-07-20 14:30,-32.49,-487.84,-1096.64,0.00,3797.84,36.35,0.00,111.50,0.00,35.45,0.06,72.28,55.34,2241.96,2113.02,22.23,276.00,0.00,1677.06,0.37,0.00,33.87,0.00,10.74,422.40,10.37
2025-07-20 15:00,-48.40,-445.71,-726.03,0.00,3958.34,35.72,0.00,145.15,0.00,33.22,0.97,85.94,67.44,2083.39,1675.05,20.92,190.33,0.00,1745.88,0.36,0.00,41.74,0.00,10.08,468.38,10.58
2025-07-20 15:30,-28.12,-243.37,-721.23,0.00,4117.33,41.98,0.00,269.96,0.00,35.74,1.48,102.01,64.86,1968.33,1251.50,20.08,199.07,0.00,1812.95,0.42,0.00,67.82,0.00,10.83,493.54,33.75
2025-07-20 16:00,-23.07,-80.95,-645.85,0.00,4459.76,46.73,0.00,343.52,0.00,35.74,13.59,109.09,125.51,1576.02,846.95,18.83,195.96,0.00,1964.67,0.47,0.00,83.35,0.00,10.83,547.48,45.00
2025-07-20 16:30,-2.86,0.00,-709.38,0.00,5251.05,46.48,0.00,476.32,0.00,37.55,8.91,197.82,161.91,990.30,500.61,18.46,242.37,0.00,2326.45,0.47,0.00,110.75,0.00,11.41,634.23,90.68
2025-07-20 17:00,-2.23,0.00,-678.77,0.00,5785.84,52.42,0.00,679.22,0.00,34.28,90.61,382.52,156.66,381.44,222.26,18.61,245.67,0.00,2575.67,0.53,0.00,154.14,0.00,10.36,702.41,128.45
2025-07-20 17:30,0.00,0.00,-633.00,0.00,5851.52,49.77,0.00,779.20,0.00,38.32,422.63,534.23,170.18,37.44,51.78,18.17,224.29,0.00,2605.77,0.50,0.00,175.55,0.00,11.64,703.68,159.95
2025-07-20 18:00,0.00,0.00,-498.11,0.00,5860.34,47.97,0.00,861.53,0.00,37.43,573.56,604.48,187.57,1.85,5.42,16.97,171.47,0.00,2609.38,0.48,0.00,193.36,0.00,11.38,688.13,277.73
2025-07-20 18:30,0.00,0.00,-443.33,0.00,5865.72,53.95,0.00,893.99,0.00,37.24,508.81,574.85,251.20,0.15,0.21,16.13,152.92,0.00,2611.75,0.54,0.00,201.04,0.00,11.32,690.12,162.73
2025-07-20 19:00,-0.41,0.00,-422.34,0.00,5844.12,53.35,0.00,876.08,0.00,37.44,409.89,550.89,295.99,0.20,0.00,15.95,147.06,0.00,2602.47,0.54,0.00,198.00,0.00,11.39,697.25,167.35
2025-07-20 19:30,-0.36,0.00,-369.34,0.00,5826.08,52.07,0.00,852.92,0.00,36.99,197.50,487.32,364.56,0.20,0.00,15.50,132.13,0.00,2594.86,0.52,0.00,193.85,0.00,11.25,716.54,128.73
2025-07-20 20:00,-1.61,0.00,-398.08,0.00,5821.91,50.93,0.00,910.24,0.00,37.21,42.75,359.70,516.13,0.20,0.00,15.42,144.44,0.00,2593.09,0.51,0.00,205.77,0.00,11.31,726.56,159.95
2025-07-20 20:30,-1.10,0.00,-443.83,0.00,5715.45,52.88,0.00,857.37,0.00,37.66,14.40,337.76,622.32,0.24,0.00,15.59,159.98,0.00,2546.44,0.53,0.00,195.50,0.00,11.44,721.22,127.80
2025-07-20 21:00,-9.79,0.00,-366.17,0.00,5598.62,51.15,0.00,790.58,0.00,37.14,1.50,306.12,631.26,0.13,0.00,15.88,132.60,0.00,2491.94,0.51,0.00,181.81,0.00,11.28,725.21,114.84
2025-07-20 21:30,-9.27,0.00,-305.28,0.00,5416.32,50.50,0.00,691.43,0.00,35.52,0.78,292.65,655.11,0.10,0.00,16.13,110.19,0.00,2406.66,0.51,0.00,160.63,0.00,10.82,723.05,84.88
2025-07-20 22:00,-38.82,0.00,-179.12,0.00,5169.39,43.65,0.00,489.79,0.00,36.45,3.28,176.82,719.47,0.10,0.00,16.01,65.00,0.00,2290.52,0.44,0.00,118.77,0.00,11.08,733.78,65.34
2025-07-20 22:30,-59.52,0.00,-2.93,52.66,4826.97,42.02,0.00,252.17,0.00,35.83,0.17,125.68,711.10,0.10,0.00,15.71,1.08,19.00,2136.66,0.42,0.00,68.75,0.00,10.86,746.83,84.45
2025-07-20 23:00,-56.45,0.00,-22.42,16.08,4752.65,46.48,0.00,171.31,0.00,34.33,1.32,122.36,792.93,0.10,0.00,15.31,8.15,5.79,2101.89,0.47,0.00,52.50,0.00,10.38,738.35,75.83
2025-07-20 23:30,-42.63,0.00,-101.73,0.00,4713.06,44.58,0.00,171.36,0.00,33.15,2.85,122.82,839.81,0.10,0.00,15.46,36.83,0.00,2084.28,0.45,0.00,52.51,0.00,10.00,729.82,67.71
2025-07-21 00:00,-35.49,0.00,-64.59,43.34,4627.09,35.13,0.00,171.38,0.00,32.52,2.75,122.93,854.88,0.10,0.00,15.58,23.31,15.24,2046.17,0.35,0.00,52.52,0.00,9.82,725.66,58.58
2025-07-21 00:30,-33.42,0.00,-12.37,15.40,4633.10,41.90,0.00,171.60,0.00,32.97,1.59,107.26,877.47,0.10,0.00,15.57,4.46,5.44,2049.62,0.42,0.00,52.59,0.00,9.94,724.37,75.90
2025-07-21 01:00,-16.65,0.00,-25.48,0.00,4580.12,50.45,0.00,171.98,0.00,32.69,1.78,97.32,885.97,0.10,0.00,15.34,9.14,0.00,2024.64,0.51,0.00,52.71,0.00,9.86,719.45,55.63
2025-07-21 01:30,-4.70,0.00,-40.71,0.11,4570.01,50.67,0.00,171.71,0.00,32.46,3.34,97.28,842.22,0.10,0.00,15.21,14.73,0.04,2022.54,0.51,0.00,52.62,0.00,9.80,723.73,56.06
2025-07-21 02:00,-23.78,0.00,-97.36,0.00,4659.65,50.83,0.00,172.54,0.00,32.39,3.17,97.13,866.15,0.10,0.00,15.11,35.18,0.00,2063.60,0.51,0.00,52.88,0.00,9.78,726.14,54.66
2025-07-21 02:30,-82.01,0.00,-78.13,0.00,4646.24,53.12,0.00,172.40,0.00,32.64,3.61,97.11,854.28,0.10,0.00,15.01,28.26,0.00,2057.25,0.53,0.00,52.83,0.00,9.85,734.19,54.55
2025-07-21 03:00,-40.05,0.00,-155.50,0.00,4628.44,47.98,0.00,172.32,0.00,32.70,0.42,96.81,884.63,0.10,0.00,14.90,56.04,0.00,2049.36,0.48,0.00,52.81,0.00,9.87,725.67,54.24
2025-07-21 03:30,-1.92,0.00,-367.01,0.00,4628.85,47.30,0.00,172.38,0.00,32.62,2.06,96.83,892.42,0.10,0.00,14.72,131.99,0.00,2049.65,0.47,0.00,52.83,0.00,9.85,719.82,54.22
2025-07-21 04:00,-5.19,0.00,-359.43,0.00,4619.05,47.55,0.00,172.71,0.00,32.57,0.05,96.69,904.31,0.10,0.00,14.60,129.22,0.00,2045.29,0.48,0.00,52.93,0.00,9.83,718.65,53.85
2025-07-21 04:30,-1.28,0.00,-360.51,0.00,4731.85,40.20,0.00,172.68,0.00,32.63,0.37,96.82,929.70,0.10,0.00,14.43,129.90,0.00,2094.89,0.40,0.00,52.92,0.00,9.85,718.88,61.02
2025-07-21 05:00,-3.00,0.00,-288.58,0.00,4789.60,35.47,0.00,173.35,0.00,32.63,3.35,97.14,861.35,0.10,0.00,14.30,104.68,0.00,2120.65,0.36,0.00,53.13,0.00,9.85,729.40,54.76
2025-07-21 05:30,-1.88,0.00,-196.49,0.00,4977.22,43.30,0.00,173.84,0.00,32.44,2.51,96.93,888.09,0.10,0.00,14.12,71.53,0.00,2207.37,0.43,0.00,53.28,0.00,9.80,731.16,75.63
2025-07-21 06:00,-1.09,0.00,-106.35,0.00,5161.18,43.93,0.00,173.69,0.00,32.48,16.27,124.98,921.93,0.10,0.00,14.03,38.67,0.00,2291.09,0.44,0.00,53.23,0.00,9.81,727.45,77.53
2025-07-21 06:30,-0.02,0.00,-65.70,0.00,5371.69,43.57,0.00,173.86,0.00,31.62,85.82,285.21,866.36,0.10,1.74,14.08,23.33,0.00,2386.89,0.44,0.00,53.28,0.00,9.53,714.37,75.83
2025-07-21 07:00,-0.37,0.00,-46.23,0.00,5582.49,41.30,0.00,173.76,0.00,32.14,106.26,303.22,867.14,19.65,33.09,14.10,16.39,0.00,2483.51,0.41,0.00,53.25,0.00,9.69,711.56,126.16
2025-07-21 07:30,-0.65,0.00,-174.58,0.00,5659.20,42.50,0.00,172.96,0.00,31.92,63.14,286.84,919.08,391.42,208.79,14.17,59.46,0.00,2517.35,0.43,0.00,53.01,0.00,9.62,663.35,163.25
2025-07-21 08:00,-6.26,0.00,-374.73,0.00,5274.10,45.38,0.00,172.86,0.00,31.04,1.49,106.00,833.33,1190.99,559.58,14.88,116.84,0.00,2343.72,0.46,0.00,52.98,0.00,9.35,584.56,110.63
2025-07-21 08:30,-17.23,0.00,-625.29,0.00,4366.38,42.50,0.00,170.96,0.00,32.04,3.64,73.87,793.49,1866.51,1035.63,16.13,168.35,0.00,1937.48,0.43,0.00,52.39,0.00,9.66,473.13,34.75
2025-07-21 09:00,-38.48,-225.60,-838.85,0.00,4077.69,45.87,0.00,170.45,0.00,32.40,1.94,73.86,682.57,2013.23,1480.61,16.98,214.32,0.00,1808.86,0.46,0.00,52.24,0.00,9.79,443.31,6.89
2025-07-21 09:30,-123.03,-250.97,-956.22,0.00,3957.04,48.88,0.00,156.18,0.00,32.92,1.28,56.96,647.41,2126.43,1975.29,18.09,238.04,0.00,1753.95,0.49,0.00,47.86,0.00,9.99,410.38,50.86
2025-07-21 10:00,-314.21,-246.36,-926.71,0.00,3826.11,48.00,0.00,130.09,0.00,32.44,1.63,12.55,598.63,2134.56,2360.14,19.08,229.97,0.00,1695.40,0.48,0.00,39.86,0.00,9.76,395.86,-10.00
2025-07-21 10:30,-342.25,-490.49,-823.53,0.00,3813.67,46.85,0.00,129.81,0.00,29.44,0.00,34.51,552.78,2059.74,2656.48,19.04,199.89,0.00,1689.95,0.47,0.00,39.78,0.00,8.82,401.49,0.00
2025-07-21 11:00,-371.93,-490.84,-807.13,0.00,3813.74,42.52,0.00,129.53,0.00,30.23,0.00,12.46,446.71,2070.11,2896.93,19.71,199.30,0.00,1690.13,0.43,0.00,39.69,0.00,9.05,396.28,-12.64
2025-07-21 11:30,-277.85,-490.30,-827.40,0.00,3829.53,40.52,0.00,129.72,0.00,30.08,0.16,23.68,393.47,2028.66,3026.52,20.44,207.28,0.00,1697.13,0.41,0.00,39.75,0.00,9.01,389.29,-14.51
2025-07-21 12:00,-80.00,-489.80,-885.49,0.00,3816.64,31.00,0.00,130.14,0.00,29.90,0.15,58.01,341.58,2087.36,3055.79,21.02,220.61,0.00,1691.74,0.31,0.00,39.88,0.00,8.94,375.59,-0.01
2025-07-21 12:30,-158.16,-489.38,-844.30,0.00,3827.02,27.87,0.00,130.16,0.00,32.19,1.30,71.55,306.67,2039.79,2937.40,20.72,212.77,0.00,1696.47,0.28,0.00,39.88,0.00,9.68,389.12,34.75
2025-07-21 13:00,-177.80,-489.51,-819.76,0.00,3860.25,34.13,0.00,129.66,0.00,37.46,0.34,64.73,260.61,2089.42,2682.86,21.57,207.36,0.00,1711.41,0.34,0.00,39.73,0.00,11.35,405.47,9.24
2025-07-21 13:30,-136.25,-488.63,-781.57,0.00,3948.98,38.10,0.00,127.05,0.00,46.15,0.66,71.52,323.39,1984.08,2532.68,21.59,200.55,0.00,1751.00,0.38,0.00,38.93,0.00,14.13,418.43,35.73
2025-07-21 14:00,-74.42,-486.74,-831.47,0.00,4030.03,32.52,0.00,119.69,0.00,48.15,0.90,71.84,392.58,1966.80,2294.53,21.23,213.79,0.00,1787.70,0.33,0.00,36.67,0.00,14.76,429.82,35.73
2025-07-21 14:30,-36.33,-405.59,-718.34,0.00,4149.60,30.50,0.00,119.91,0.00,47.23,7.96,83.81,399.20,1704.14,2051.53,21.59,195.56,0.00,1839.93,0.31,0.00,37.23,0.00,14.46,456.40,44.98
2025-07-21 15:00,-6.21,-244.09,-707.61,0.00,4275.14,30.68,0.00,216.01,0.00,44.35,1.59,96.71,413.18,1739.44,1775.59,21.53,196.72,0.00,1895.53,0.31,0.00,56.22,0.00,13.54,463.38,55.00
2025-07-21 15:30,-22.27,-243.47,-730.41,0.00,4358.68,34.10,0.00,427.82,0.00,42.10,5.73,105.89,525.72,1679.14,1402.22,20.72,201.12,0.00,1930.94,0.34,0.00,100.30,0.00,12.83,486.02,32.11
2025-07-21 16:00,-15.75,-81.28,-768.17,0.00,4802.69,36.57,0.00,494.74,0.00,42.87,15.04,107.29,547.91,1497.49,940.91,20.05,226.75,0.00,2124.07,0.37,0.00,114.22,0.00,13.07,531.47,75.87
2025-07-21 16:30,-7.88,0.00,-706.49,0.00,5380.10,35.78,0.00,462.25,0.00,40.38,3.54,208.79,533.65,1154.93,529.62,19.47,225.97,0.00,2382.91,0.36,0.00,108.33,0.00,12.36,596.75,67.54
2025-07-21 17:00,-1.05,0.00,-597.22,0.00,5849.61,38.05,0.00,693.75,0.00,42.46,85.41,327.98,567.14,420.86,226.29,19.05,205.74,0.00,2600.11,0.38,0.00,156.89,0.00,12.96,670.19,81.57
2025-07-21 17:30,0.00,0.00,-605.53,0.00,6129.82,47.02,0.00,781.84,0.00,45.24,301.00,389.74,682.18,43.74,53.15,18.81,210.11,0.00,2732.55,0.47,0.00,175.24,0.00,13.84,689.36,151.72
2025-07-21 18:00,-0.23,0.00,-388.97,0.00,5963.26,53.42,0.00,797.08,61.07,45.93,368.95,434.39,720.05,1.65,5.59,18.48,132.25,0.00,2659.23,0.54,0.00,179.40,17.73,14.05,679.39,380.58
2025-07-21 18:30,-0.06,0.00,-432.83,0.00,5892.02,54.57,0.00,738.20,305.66,44.56,317.09,441.48,878.33,0.90,0.19,17.64,144.80,0.00,2626.64,0.55,0.00,171.87,91.02,13.64,669.63,270.44
2025-07-21 19:00,-0.24,0.00,-479.35,0.00,5874.41,55.25,0.00,841.75,287.79,41.90,270.15,326.29,1025.35,0.90,0.00,16.42,159.90,0.00,2622.87,0.55,0.00,188.32,86.69,12.80,667.46,221.93
2025-07-21 19:30,-16.47,0.00,-279.59,0.00,5622.30,55.07,0.00,830.10,146.87,41.17,74.41,352.46,1029.61,0.90,0.00,15.26,94.35,0.00,2510.54,0.55,0.00,186.04,43.60,12.57,676.85,73.00
2025-07-21 20:00,-0.49,0.00,-215.90,0.00,5419.60,51.35,0.00,711.58,3.06,42.16,30.52,346.72,1201.73,0.74,0.00,14.83,71.35,0.00,2404.64,0.52,0.00,162.15,1.17,12.85,661.30,79.71
2025-07-21 20:30,-0.82,0.00,-292.84,0.00,5321.73,45.63,0.00,749.13,2.59,42.45,14.77,288.77,1291.85,0.66,0.00,16.13,95.85,0.00,2355.84,0.46,0.00,169.72,0.99,12.94,654.91,75.83
2025-07-21 21:00,-1.49,0.00,-382.65,0.00,5398.26,48.75,0.00,631.06,0.00,42.43,23.82,290.61,1309.72,0.56,0.00,16.68,125.86,0.00,2389.04,0.49,0.00,145.66,0.00,12.93,658.13,77.53
2025-07-21 21:30,-2.46,0.00,-401.98,0.00,5315.97,51.30,0.00,482.73,0.00,41.60,18.88,290.72,1312.92,0.59,0.00,16.95,132.25,0.00,2351.63,0.52,0.00,114.75,0.00,12.68,660.26,75.83
2025-07-21 22:00,-10.61,0.00,-412.86,0.00,5210.82,48.35,0.00,346.61,0.00,42.40,3.64,286.66,1314.21,0.66,0.00,16.98,136.68,0.00,2303.41,0.49,0.00,85.15,0.00,12.95,663.35,54.76
2025-07-21 22:30,-5.09,0.00,-250.41,0.00,4880.72,48.07,0.00,131.32,0.00,42.29,0.03,286.03,1306.00,0.52,0.00,16.78,82.66,0.00,2159.18,0.48,0.00,38.31,0.00,12.93,661.00,75.45
2025-07-21 23:00,-4.96,0.00,-293.10,0.00,4822.94,51.10,0.00,110.04,0.00,43.92,5.64,203.73,1324.97,0.40,0.00,16.23,97.29,0.00,2132.60,0.51,0.00,33.72,0.00,13.41,664.98,55.73
2025-07-21 23:30,-1.28,0.00,-313.23,0.00,4767.47,53.38,0.00,110.18,0.00,44.54,1.43,121.91,1309.19,0.47,0.00,15.47,105.35,0.00,2108.22,0.54,0.00,33.76,0.00,13.60,673.04,56.47
2025-07-22 00:00,-2.08,0.00,-326.37,0.00,4684.01,49.60,0.00,109.54,0.00,43.81,0.63,121.96,1309.48,0.44,0.00,14.77,109.63,0.00,2071.29,0.50,0.00,33.56,0.00,13.37,670.70,55.94
2025-07-22 00:30,-10.88,0.00,-286.64,0.00,4561.94,50.87,0.00,110.16,0.00,43.63,3.07,121.66,1281.24,0.44,0.00,14.25,95.71,0.00,2014.53,0.51,0.00,33.75,0.00,13.34,669.37,55.09
2025-07-22 01:00,-12.66,0.00,-306.12,0.00,4444.58,52.72,0.00,110.08,0.00,43.43,12.49,122.52,1309.41,0.54,0.00,13.84,100.79,0.00,1960.36,0.53,0.00,33.73,0.00,13.27,660.24,54.76
2025-07-22 01:30,-0.66,0.00,-306.53,0.00,4373.89,52.72,0.00,109.98,0.00,43.72,6.60,121.75,1302.60,0.43,0.00,13.55,100.85,0.00,1931.06,0.53,0.00,33.70,0.00,13.34,658.35,54.76
2025-07-22 02:00,-1.64,0.00,-325.31,0.00,4354.46,49.85,0.00,109.59,0.00,43.48,6.96,119.27,1318.97,0.35,0.00,13.51,106.72,0.00,1922.70,0.50,0.00,33.58,0.00,13.28,656.57,53.63
2025-07-22 02:30,-10.08,0.00,-337.34,0.00,4339.83,51.62,0.00,109.93,0.00,43.68,3.03,96.57,1329.75,0.39,0.00,13.61,110.84,0.00,1916.36,0.52,0.00,33.68,0.00,13.33,658.58,47.69
2025-07-22 03:00,-33.49,0.00,-297.76,0.00,4252.06,53.82,0.00,110.00,0.00,43.48,2.88,94.69,1334.95,0.40,0.00,13.84,97.50,0.00,1877.60,0.54,0.00,33.70,0.00,13.27,657.29,0.00
2025-07-22 03:30,-19.45,0.00,-285.06,0.00,4190.92,52.72,0.00,109.83,0.00,43.90,3.02,90.12,1321.56,0.53,0.00,13.78,93.05,0.00,1850.46,0.53,0.00,33.65,0.00,13.42,655.40,34.75
2025-07-22 04:00,-16.10,0.00,-237.96,0.00,4164.32,52.12,0.00,109.43,0.00,45.35,4.17,96.89,1316.09,0.41,0.00,13.43,77.52,0.00,1838.69,0.52,0.00,33.53,0.00,13.87,653.72,34.75
2025-07-22 04:30,-2.30,0.00,-245.63,0.00,4305.02,52.43,0.00,109.66,0.00,45.34,0.86,96.97,1299.14,0.43,0.00,12.96,80.60,0.00,1901.05,0.53,0.00,33.60,0.00,13.86,660.00,36.93
2025-07-22 05:00,-0.99,0.00,-224.04,0.00,4412.96,50.65,0.00,109.98,0.00,47.18,2.57,97.08,1289.29,0.52,0.00,12.65,73.81,0.00,1949.28,0.51,0.00,33.70,0.00,14.46,665.19,35.74
2025-07-22 05:30,-0.35,0.00,-114.97,13.17,4594.89,47.83,0.00,110.10,0.00,47.92,3.88,97.13,1243.03,0.62,0.00,12.61,38.41,4.45,2038.66,0.48,0.00,33.73,0.00,14.68,679.63,50.81
2025-07-22 06:00,-0.61,0.00,0.00,117.02,4641.28,49.12,0.00,110.17,0.00,48.40,9.88,118.98,1236.72,0.62,0.00,12.68,0.00,39.98,2060.43,0.49,0.00,33.75,0.00,14.83,678.97,37.99
2025-07-22 06:30,-0.40,0.00,0.00,205.14,4945.22,51.65,0.00,110.09,0.00,47.70,13.83,122.64,1230.75,0.66,2.83,12.63,0.00,72.58,2191.49,0.52,0.00,33.73,0.00,14.61,687.34,54.76
2025-07-22 07:00,-0.42,0.00,0.00,164.82,5178.24,46.65,0.00,109.48,0.00,47.41,17.09,204.48,1246.76,30.40,47.61,12.82,0.00,58.94,2298.90,0.47,0.00,33.54,0.00,14.54,678.57,79.09
2025-07-22 07:30,-9.25,0.00,-50.73,34.01,5170.31,48.30,0.00,109.70,0.00,47.27,33.06,285.51,1243.43,406.46,255.06,13.42,15.79,12.27,2295.86,0.48,0.00,33.61,0.00,14.50,618.22,83.29
2025-07-22 08:00,-10.19,0.00,-240.05,0.00,4853.75,49.70,0.00,109.68,0.00,48.53,8.25,159.40,1256.20,1031.57,581.08,13.89,69.95,0.00,2151.18,0.50,0.00,33.60,0.00,14.86,542.87,55.24
2025-07-22 08:30,-19.49,0.00,-498.27,0.00,4357.04,51.48,0.00,109.68,0.00,49.17,0.96,74.94,1197.19,1664.99,974.35,14.56,129.90,0.00,1922.73,0.52,0.00,33.60,0.00,15.07,462.70,52.54
2025-07-22 09:00,-31.92,-246.25,-850.59,0.00,4056.36,51.18,0.00,109.91,0.00,38.96,9.26,72.25,1125.51,1704.23,1463.81,15.44,210.72,0.00,1790.62,0.51,0.00,33.68,0.00,12.21,433.52,44.94
2025-07-22 09:30,-109.45,-490.60,-840.28,0.00,4064.06,49.12,0.00,109.97,0.00,45.63,16.33,70.50,1035.34,1739.34,1908.13,16.57,202.87,0.00,1792.28,0.49,0.00,33.69,0.00,14.05,431.07,51.40
2025-07-22 10:00,-96.13,-489.44,-865.59,0.00,4022.66,47.20,0.00,110.27,0.00,48.71,14.14,57.15,966.50,1583.89,2328.34,18.21,214.77,0.00,1772.19,0.48,0.00,33.78,0.00,14.94,415.81,0.72
2025-07-22 10:30,-89.73,-489.58,-958.69,0.00,4039.86,37.97,0.00,109.56,0.00,47.87,6.40,73.13,855.34,1776.30,2598.40,19.64,235.66,0.00,1780.11,0.38,0.00,33.57,0.00,14.67,397.93,24.07
2025-07-22 11:00,-71.48,-448.27,-883.35,0.00,4127.44,41.57,0.00,109.96,0.00,47.89,3.41,82.89,673.10,1634.48,2674.38,21.22,229.74,0.00,1818.88,0.42,0.00,33.69,0.00,14.67,409.89,72.19
2025-07-22 11:30,-203.53,-244.06,-807.31,0.00,4229.86,39.90,0.00,109.74,0.00,45.10,10.00,84.11,512.03,1581.93,2640.08,20.98,225.06,0.00,1864.24,0.40,0.00,33.62,0.00,13.83,421.87,55.63
2025-07-22 12:00,-130.32,-245.01,-646.90,0.00,4136.20,42.63,0.00,109.82,0.00,43.41,5.17,73.05,416.77,1718.19,2558.74,21.17,178.02,0.00,1822.60,0.43,0.00,33.65,0.00,13.39,418.73,50.13
2025-07-22 12:30,-113.37,-244.81,-698.23,0.00,4408.90,45.22,0.00,109.61,0.00,46.31,16.67,85.87,319.40,1545.60,2330.96,20.83,203.74,0.00,1942.32,0.45,0.00,33.58,0.00,14.20,455.12,75.63
2025-07-22 13:00,-132.42,-245.61,-636.36,0.00,4316.51,41.08,0.00,109.93,0.00,46.51,1.00,80.41,301.51,1493.06,2359.11,21.08,186.89,0.00,1902.59,0.42,0.00,33.68,0.00,14.23,456.13,75.83
2025-07-22 13:30,-135.96,-244.54,-553.60,0.00,4097.58,43.92,0.00,111.86,0.00,44.72,1.67,73.92,284.59,1629.33,2274.90,21.43,157.16,0.00,1806.08,0.45,0.00,34.13,0.00,13.70,444.97,35.73
2025-07-22 14:00,-154.67,-243.61,-458.72,0.00,4208.92,45.67,0.00,129.85,0.00,43.41,12.37,78.73,257.64,1341.87,2098.57,20.81,137.42,0.00,1854.93,0.46,0.00,37.98,0.00,13.33,480.78,35.73
2025-07-22 14:30,-67.70,-203.28,-563.40,0.00,4462.45,44.28,0.00,203.95,0.00,44.22,3.22,93.89,264.49,1212.54,1892.95,21.03,176.29,0.00,1968.97,0.44,0.00,54.09,0.00,13.56,503.76,75.83
2025-07-22 15:00,-54.42,0.00,-583.88,0.00,4498.21,47.90,0.00,257.16,0.00,44.88,0.04,105.71,329.90,1178.07,1574.35,21.20,186.32,0.00,1983.39,0.48,0.00,65.67,0.00,13.73,507.43,55.00
2025-07-22 15:30,-109.30,0.00,-358.75,0.00,4204.59,47.93,0.00,329.06,0.00,44.72,12.45,98.12,441.25,1065.21,1259.71,21.40,111.08,0.00,1853.93,0.48,0.00,81.30,0.00,13.72,522.63,-9.54
2025-07-22 16:00,-9.95,0.00,-386.95,0.00,4518.67,48.33,0.00,404.94,0.00,45.92,12.12,128.18,527.48,863.01,955.61,21.65,124.44,0.00,1993.85,0.49,0.00,97.80,0.00,14.06,557.66,62.59
2025-07-22 16:30,-7.23,0.00,-345.78,0.00,5062.28,47.23,0.00,498.26,0.00,45.76,16.77,208.37,547.68,474.77,548.31,20.89,118.48,0.00,2237.47,0.47,0.00,118.12,0.00,13.99,634.57,54.76
2025-07-22 17:00,-0.85,0.00,-459.20,0.00,5697.66,43.78,0.00,542.98,0.00,44.49,106.46,455.56,501.75,138.98,261.30,19.97,162.64,0.00,2527.86,0.44,0.00,127.87,0.00,13.61,683.81,58.32
2025-07-22 17:30,0.00,0.00,-205.28,0.00,5779.49,48.17,0.00,570.81,0.00,44.30,341.22,548.79,549.54,12.89,62.79,19.07,70.93,0.00,2568.29,0.48,0.00,134.00,0.00,13.57,682.45,148.17
2025-07-22 18:00,-0.02,0.00,-272.58,0.00,5849.97,53.98,0.00,570.28,174.28,44.62,356.79,646.99,722.05,0.94,6.69,18.20,90.60,0.00,2600.76,0.54,0.00,133.86,53.41,13.65,665.10,321.91
2025-07-22 18:30,-0.52,0.00,-255.93,0.00,5827.53,53.20,0.00,570.38,278.41,43.58,264.83,559.67,872.32,0.71,0.33,17.51,85.07,0.00,2591.85,0.53,0.00,133.92,84.95,13.33,666.99,305.64
2025-07-22 19:00,-0.21,0.00,-359.47,0.00,5742.27,53.15,0.00,575.39,260.03,43.95,247.62,632.35,1018.53,0.77,0.00,16.52,116.38,0.00,2552.77,0.53,0.00,135.00,78.95,13.46,648.70,224.81
2025-07-22 19:30,-133.43,0.00,-171.28,0.00,5543.31,51.33,0.00,574.33,244.92,43.41,33.43,600.76,1055.83,0.78,0.00,15.78,56.52,0.00,2463.62,0.52,0.00,134.76,74.31,13.30,670.62,175.03
2025-07-22 20:00,-1.22,0.00,-97.99,0.00,5397.20,50.75,0.00,573.85,39.73,42.79,24.90,491.19,1066.70,0.79,0.00,15.35,32.59,0.00,2398.03,0.51,0.00,134.64,11.89,13.09,665.62,78.73
2025-07-22 20:30,-5.68,0.00,-219.49,0.00,5513.27,50.98,0.00,566.56,0.00,43.21,8.57,453.63,1080.03,0.75,0.00,15.12,73.71,0.00,2447.46,0.51,0.00,133.09,0.00,13.23,672.89,86.39
2025-07-22 21:00,-6.35,0.00,-220.19,0.00,5398.23,49.10,0.00,546.55,0.00,45.54,3.80,342.98,1133.83,0.73,0.00,14.91,74.23,0.00,2394.89,0.49,0.00,128.73,0.00,13.93,675.55,81.67
2025-07-22 21:30,-6.83,0.00,-232.97,0.00,5291.01,47.12,0.00,463.11,0.00,47.01,1.78,358.37,1103.63,0.77,0.00,14.63,78.96,0.00,2359.69,0.47,0.00,111.96,0.00,14.30,680.75,75.83
2025-07-22 22:00,-9.30,0.00,-188.09,0.00,5114.39,52.37,0.00,330.54,0.00,47.45,0.95,262.87,1095.28,0.76,0.00,14.45,64.11,0.00,2266.19,0.53,0.00,81.75,0.00,14.52,685.49,57.51
2025-07-22 22:30,-43.62,0.00,-28.68,1.67,4982.99,52.97,0.00,124.76,0.00,47.50,0.28,121.52,1077.58,0.76,0.00,14.57,10.12,0.60,2209.59,0.53,0.00,37.02,0.00,14.54,710.71,61.57
2025-07-22 23:00,-172.40,0.00,-69.64,0.00,5053.41,49.32,0.00,110.85,0.00,46.92,0.66,121.18,1044.00,0.76,0.00,14.57,24.81,0.00,2240.83,0.50,0.00,33.96,0.00,14.35,732.36,75.63
2025-07-22 23:30,-101.79,0.00,-78.23,0.00,4893.68,47.55,0.00,111.06,0.00,46.61,0.24,121.79,982.88,0.76,0.00,14.41,28.07,0.00,2170.51,0.48,0.00,34.03,0.00,14.26,727.43,75.45
2025-07-23 00:00,-28.26,0.00,-138.18,0.00,4805.16,46.57,0.00,110.86,0.00,46.12,0.27,119.22,913.51,0.70,0.00,14.86,49.74,0.00,2127.35,0.47,0.00,33.97,0.00,14.11,723.68,57.94
2025-07-23 00:30,-38.89,0.00,-67.91,2.44,4696.86,45.17,0.00,110.74,0.00,43.70,0.54,96.52,943.44,0.75,0.00,14.74,24.32,0.82,2100.25,0.46,0.00,40.91,0.00,13.43,730.81,75.55
2025-07-23 01:00,-23.35,0.00,-86.07,0.00,4672.54,37.43,0.00,110.70,0.00,45.39,0.03,96.66,973.39,0.75,0.00,14.63,30.63,0.00,2066.72,0.38,0.00,33.92,0.00,13.89,715.33,75.45
2025-07-23 01:30,-76.22,0.00,-73.78,0.00,4617.94,40.55,0.00,111.16,0.00,45.91,0.04,96.57,967.18,0.74,0.00,14.66,26.22,0.00,2044.02,0.41,0.00,34.06,0.00,14.03,721.21,55.63
2025-07-23 02:00,-124.82,0.00,-75.85,0.00,4716.65,40.98,0.00,111.17,0.00,46.42,0.53,96.70,901.12,0.74,0.00,14.47,27.35,0.00,2085.41,0.42,0.00,34.06,0.00,14.21,737.45,75.45
2025-07-23 02:30,-272.18,0.00,-7.78,29.40,4728.75,39.00,0.00,110.94,0.00,46.95,0.02,96.18,826.93,0.71,0.00,14.64,2.82,10.02,2089.97,0.40,0.00,33.99,0.00,14.37,766.55,56.65
2025-07-23 03:00,-339.04,0.00,0.00,115.48,4710.72,34.80,0.00,110.93,0.00,44.33,0.65,96.69,722.16,0.70,0.00,14.60,0.00,39.35,2081.85,0.36,0.00,33.99,0.00,13.61,789.16,64.33
2025-07-23 03:30,-130.30,0.00,-2.36,36.33,4702.65,33.65,0.00,110.69,0.00,42.13,0.43,96.60,726.68,0.73,0.00,14.38,0.87,12.48,2078.70,0.36,0.00,33.89,0.00,13.05,761.09,57.63
2025-07-23 04:00,-8.91,0.00,-45.98,0.00,4710.02,32.03,0.00,110.60,0.00,42.13,0.44,98.38,812.73,0.71,0.00,13.88,16.89,0.00,2083.78,0.33,0.00,33.89,0.00,12.96,735.05,54.76
2025-07-23 04:30,-5.84,0.00,-5.06,20.36,4703.28,37.97,0.00,111.08,0.00,42.92,2.73,109.38,764.35,0.71,0.00,13.67,1.86,7.07,2088.28,0.37,0.00,33.98,0.00,13.11,740.57,75.45
2025-07-23 05:00,-2.27,0.00,0.00,122.27,4799.78,37.10,0.00,110.80,0.00,44.45,1.72,111.28,589.69,0.71,0.00,14.03,0.00,42.84,2110.72,0.37,0.00,33.94,0.00,13.33,757.01,75.45
2025-07-23 05:30,-0.71,0.00,0.00,208.12,4996.69,37.53,0.00,110.81,0.00,45.37,3.03,111.45,522.75,0.73,0.00,14.26,0.00,74.55,2181.84,0.39,0.00,33.92,0.00,13.68,763.57,75.83
2025-07-23 06:00,-0.49,0.00,0.00,361.45,5106.47,28.88,0.00,110.72,0.00,45.92,3.72,133.27,550.72,0.75,0.00,14.22,0.00,132.48,2255.31,0.36,0.00,33.93,0.00,13.95,768.29,62.43
2025-07-23 06:30,-1.82,0.00,0.00,369.11,5448.74,36.52,0.00,110.77,0.00,45.91,67.50,144.86,562.94,0.71,1.91,14.23,0.00,136.57,2333.65,0.39,0.00,33.94,0.00,13.94,742.14,85.68
2025-07-23 07:00,-4.43,0.00,0.00,305.99,5567.87,37.02,0.00,111.17,0.00,44.75,241.28,307.31,516.56,8.65,35.35,14.54,0.00,112.74,2359.73,0.40,0.00,34.00,0.00,13.77,702.96,96.45
2025-07-23 07:30,-0.25,0.00,-6.83,147.17,5709.29,33.65,0.00,110.81,0.00,43.93,309.84,330.68,557.26,69.60,199.82,14.72,2.46,53.62,2464.43,0.38,0.00,42.30,0.00,13.56,685.36,149.10
2025-07-23 08:00,-2.42,0.00,0.00,69.58,5677.36,38.23,0.00,110.98,0.00,42.69,99.75,304.94,591.16,297.99,378.99,15.16,0.00,25.02,2528.92,0.39,0.00,34.00,0.00,13.42,683.84,162.73
2025-07-23 08:30,-15.03,0.00,0.00,230.25,5431.81,38.60,0.00,110.98,0.00,43.35,8.79,138.78,531.43,432.11,614.18,15.69,0.00,81.68,2472.65,0.39,0.00,34.00,0.00,13.50,687.94,102.73
2025-07-23 09:00,-61.33,-19.48,0.00,205.79,5137.23,38.60,0.00,110.75,0.00,41.05,1.50,107.35,452.34,608.25,930.25,16.53,0.00,72.44,2407.28,0.39,0.00,33.96,0.00,13.18,669.27,55.00
2025-07-23 09:30,-10.88,-266.02,0.00,290.08,4956.56,36.88,0.00,110.57,0.00,28.52,7.98,85.99,413.41,705.87,1227.83,17.51,0.00,88.54,2277.64,0.39,0.00,33.95,0.00,10.21,635.51,75.83
2025-07-23 10:00,-77.67,-475.64,0.00,325.43,4860.54,26.62,0.00,110.72,0.00,28.72,4.36,85.90,416.13,832.85,1501.83,18.28,0.00,88.59,2166.72,0.35,0.00,33.99,0.00,9.04,601.77,78.73
2025-07-23 10:30,-220.86,-492.79,0.00,316.20,4720.33,21.30,0.00,110.64,1.01,29.50,0.00,85.70,398.34,916.50,1586.83,NaN,0.00,42.15,1068.00,0.16,0.00,16.99,0.10,4.58,605.93,0.00